{"F:\\DevEcoStudioProjects\\dairy\\AppScope\\app.json5":{"hashValue":"6f0f3d31c23dc499f3392d10f7a75aa7","name":"app.json5","path":"F:\\DevEcoStudioProjects\\dairy\\AppScope\\app.json5","type":"file","isSymbolicLink":false,"fileMetaData":{"size":212,"lastModifiedTime":1716886320276}},"F:\\DevEcoStudioProjects\\dairy\\entry\\src\\main\\module.json5":{"hashValue":"71fbab5c8fec3534e548848e132b1714","name":"module.json5","path":"F:\\DevEcoStudioProjects\\dairy\\entry\\src\\main\\module.json5","type":"file","isSymbolicLink":false,"fileMetaData":{"size":934,"lastModifiedTime":1716886320307}},"F:\\DevEcoStudioProjects\\dairy\\entry\\.preview\\default\\intermediates\\merge_profile\\default\\module.json":{"hashValue":"6428990fc13aaca610f5ec4cc58cb63a","name":"module.json","path":"F:\\DevEcoStudioProjects\\dairy\\entry\\.preview\\default\\intermediates\\merge_profile\\default\\module.json","type":"file","isSymbolicLink":false,"fileMetaData":{"size":1055,"lastModifiedTime":1716888308278}},"F:\\DevEcoStudioProjects\\dairy\\entry\\.preview\\default\\intermediates\\loader\\default\\loader.json":{"hashValue":"b723369a0d837735bcb2e026a503ba49","name":"loader.json","path":"F:\\DevEcoStudioProjects\\dairy\\entry\\.preview\\default\\intermediates\\loader\\default\\loader.json","type":"file","isSymbolicLink":false,"fileMetaData":{"size":342,"lastModifiedTime":1716888308286}},"F:\\DevEcoStudioProjects\\dairy\\entry\\.preview\\default\\intermediates\\process_profile\\default\\module.json":{"hashValue":"3764248f28f94e32d41bb490d815b8cc","name":"module.json","path":"F:\\DevEcoStudioProjects\\dairy\\entry\\.preview\\default\\intermediates\\process_profile\\default\\module.json","type":"file","isSymbolicLink":false,"fileMetaData":{"size":1140,"lastModifiedTime":1716888308512}},"F:\\DevEcoStudioProjects\\dairy\\entry\\src\\main\\resources":{"hashValue":"c664083e3eb939124b1e6903a975dbeb","name":"resources","path":"F:\\DevEcoStudioProjects\\dairy\\entry\\src\\main\\resources","type":"directory","isSymbolicLink":false,"children":[{"hashValue":"d97d4fc11b8a68c4bb18c72cfa011251","name":"base","path":"F:\\DevEcoStudioProjects\\dairy\\entry\\src\\main\\resources\\base","type":"directory","isSymbolicLink":false,"children":[{"hashValue":"d302a27ff122e7e4d9b7616026b07679","name":"element","path":"F:\\DevEcoStudioProjects\\dairy\\entry\\src\\main\\resources\\base\\element","type":"directory","isSymbolicLink":false,"children":[{"hashValue":"35e110e23c01986dec148f16f2b5c3ee","name":"color.json","path":"F:\\DevEcoStudioProjects\\dairy\\entry\\src\\main\\resources\\base\\element\\color.json","type":"file","isSymbolicLink":false,"fileMetaData":{"size":105,"lastModifiedTime":1716886318096}},{"hashValue":"a6bff3605ae6bce70ec5f1c148ef48fa","name":"string.json","path":"F:\\DevEcoStudioProjects\\dairy\\entry\\src\\main\\resources\\base\\element\\string.json","type":"file","isSymbolicLink":false,"fileMetaData":{"size":247,"lastModifiedTime":1716886320341}}]},{"hashValue":"0485ad11113aae549a2de6d946b390d2","name":"media","path":"F:\\DevEcoStudioProjects\\dairy\\entry\\src\\main\\resources\\base\\media","type":"directory","isSymbolicLink":false,"children":[{"hashValue":"773106b609613b5b03f3c5e368237e6e","name":"aaa111.jpg","path":"F:\\DevEcoStudioProjects\\dairy\\entry\\src\\main\\resources\\base\\media\\aaa111.jpg","type":"file","isSymbolicLink":false,"fileMetaData":{"size":187059,"lastModifiedTime":1716903686864}},{"hashValue":"85634c53ab16db413937746336b36a90","name":"aaa222.jpg","path":"F:\\DevEcoStudioProjects\\dairy\\entry\\src\\main\\resources\\base\\media\\aaa222.jpg","type":"file","isSymbolicLink":false,"fileMetaData":{"size":16807,"lastModifiedTime":1716903690584}},{"hashValue":"d3aa28f87bcf07de47257746269ff626","name":"aaa333.jpg","path":"F:\\DevEcoStudioProjects\\dairy\\entry\\src\\main\\resources\\base\\media\\aaa333.jpg","type":"file","isSymbolicLink":false,"fileMetaData":{"size":199392,"lastModifiedTime":1716903693521}},{"hashValue":"c002c416d196bc04a9422d94062fc785","name":"aaa444.jpg","path":"F:\\DevEcoStudioProjects\\dairy\\entry\\src\\main\\resources\\base\\media\\aaa444.jpg","type":"file","isSymbolicLink":false,"fileMetaData":{"size":738278,"lastModifiedTime":1716903696571}},{"hashValue":"bade32244ebc3dc6812926c645f23456","name":"aaa555.jpg","path":"F:\\DevEcoStudioProjects\\dairy\\entry\\src\\main\\resources\\base\\media\\aaa555.jpg","type":"file","isSymbolicLink":false,"fileMetaData":{"size":351447,"lastModifiedTime":1716998107456}},{"hashValue":"67befa30bb547cd59b8f9cfba79a09b7","name":"aaa666.jpg","path":"F:\\DevEcoStudioProjects\\dairy\\entry\\src\\main\\resources\\base\\media\\aaa666.jpg","type":"file","isSymbolicLink":false,"fileMetaData":{"size":807927,"lastModifiedTime":1716998119792}},{"hashValue":"9f80dd800da234288f7b9262a016400c","name":"aaa777.jpg","path":"F:\\DevEcoStudioProjects\\dairy\\entry\\src\\main\\resources\\base\\media\\aaa777.jpg","type":"file","isSymbolicLink":false,"fileMetaData":{"size":290579,"lastModifiedTime":1716998168403}},{"hashValue":"64849fa34689aecea9de8026704e2d68","name":"aaa888.jpg","path":"F:\\DevEcoStudioProjects\\dairy\\entry\\src\\main\\resources\\base\\media\\aaa888.jpg","type":"file","isSymbolicLink":false,"fileMetaData":{"size":428308,"lastModifiedTime":1716998175024}},{"hashValue":"a78f71c84602de5556dc342846157dd3","name":"dairy.jpg","path":"F:\\DevEcoStudioProjects\\dairy\\entry\\src\\main\\resources\\base\\media\\dairy.jpg","type":"file","isSymbolicLink":false,"fileMetaData":{"size":3047,"lastModifiedTime":1716904985692}},{"hashValue":"15b137f3c0a6553aa0012b39a91af711","name":"icon.png","path":"F:\\DevEcoStudioProjects\\dairy\\entry\\src\\main\\resources\\base\\media\\icon.png","type":"file","isSymbolicLink":false,"fileMetaData":{"size":6790,"lastModifiedTime":1716886318111}}]},{"hashValue":"9f2617cbd909375c6ed2b98182423926","name":"profile","path":"F:\\DevEcoStudioProjects\\dairy\\entry\\src\\main\\resources\\base\\profile","type":"directory","isSymbolicLink":false,"children":[{"hashValue":"b5a5aee103bda9ca7ff9516136b27447","name":"main_pages.json","path":"F:\\DevEcoStudioProjects\\dairy\\entry\\src\\main\\resources\\base\\profile\\main_pages.json","type":"file","isSymbolicLink":false,"fileMetaData":{"size":73,"lastModifiedTime":1716997379304}}]}]},{"hashValue":"a52db13ac9abdb78d7843263681535c8","name":"en_US","path":"F:\\DevEcoStudioProjects\\dairy\\entry\\src\\main\\resources\\en_US","type":"directory","isSymbolicLink":false,"children":[{"hashValue":"30492bd03ddbcf1d676395a91ddf4f89","name":"element","path":"F:\\DevEcoStudioProjects\\dairy\\entry\\src\\main\\resources\\en_US\\element","type":"directory","isSymbolicLink":false,"children":[{"hashValue":"c75afead9f18bc01dc45ea810d5eeb47","name":"string.json","path":"F:\\DevEcoStudioProjects\\dairy\\entry\\src\\main\\resources\\en_US\\element\\string.json","type":"file","isSymbolicLink":false,"fileMetaData":{"size":247,"lastModifiedTime":1716886320373}}]}]},{"hashValue":"","name":"rawfile","path":"F:\\DevEcoStudioProjects\\dairy\\entry\\src\\main\\resources\\rawfile","type":"directory","isSymbolicLink":false,"children":[]},{"hashValue":"64465060d161b29128266a8efd2d73a4","name":"zh_CN","path":"F:\\DevEcoStudioProjects\\dairy\\entry\\src\\main\\resources\\zh_CN","type":"directory","isSymbolicLink":false,"children":[{"hashValue":"7ee5d580ad50594fdd66440a0db54ef3","name":"element","path":"F:\\DevEcoStudioProjects\\dairy\\entry\\src\\main\\resources\\zh_CN\\element","type":"directory","isSymbolicLink":false,"children":[{"hashValue":"1eea22970dd6020b68220af3dc39426e","name":"string.json","path":"F:\\DevEcoStudioProjects\\dairy\\entry\\src\\main\\resources\\zh_CN\\element\\string.json","type":"file","isSymbolicLink":false,"fileMetaData":{"size":241,"lastModifiedTime":1716886320291}}]}]}]},"F:\\DevEcoStudioProjects\\dairy\\AppScope\\resources":{"hashValue":"34b4122da1b6a7396df4fbdf999a25f6","name":"resources","path":"F:\\DevEcoStudioProjects\\dairy\\AppScope\\resources","type":"directory","isSymbolicLink":false,"children":[{"hashValue":"268ee7244c22593cb946d311386cb3ea","name":"base","path":"F:\\DevEcoStudioProjects\\dairy\\AppScope\\resources\\base","type":"directory","isSymbolicLink":false,"children":[{"hashValue":"39a24848539fe1893f986bc67d2d4289","name":"element","path":"F:\\DevEcoStudioProjects\\dairy\\AppScope\\resources\\base\\element","type":"directory","isSymbolicLink":false,"children":[{"hashValue":"8eb4e71d7a5390ca946fa4e2918b894c","name":"string.json","path":"F:\\DevEcoStudioProjects\\dairy\\AppScope\\resources\\base\\element\\string.json","type":"file","isSymbolicLink":false,"fileMetaData":{"size":91,"lastModifiedTime":1716886317630}}]},{"hashValue":"576a5b13827e0b291b1a310334d274ec","name":"media","path":"F:\\DevEcoStudioProjects\\dairy\\AppScope\\resources\\base\\media","type":"directory","isSymbolicLink":false,"children":[{"hashValue":"f42ba33b527c86e89e6c873e06aff86f","name":"app_icon.png","path":"F:\\DevEcoStudioProjects\\dairy\\AppScope\\resources\\base\\media\\app_icon.png","type":"file","isSymbolicLink":false,"fileMetaData":{"size":6790,"lastModifiedTime":1716886317609}}]}]}]},"F:\\DevEcoStudioProjects\\dairy\\entry\\.preview\\default\\intermediates\\res\\default":{"hashValue":"0b763c76499057a2750d28d71db211fb","name":"default","path":"F:\\DevEcoStudioProjects\\dairy\\entry\\.preview\\default\\intermediates\\res\\default","type":"directory","isSymbolicLink":false,"children":[{"hashValue":"d1046683421ff06b9bcca1b7c7cfa13b","name":"app_compiled","path":"F:\\DevEcoStudioProjects\\dairy\\entry\\.preview\\default\\intermediates\\res\\default\\app_compiled","type":"directory","isSymbolicLink":false,"children":[{"hashValue":"1ffc89434995697547aa900e5588c321","name":"13910086379318098133","path":"F:\\DevEcoStudioProjects\\dairy\\entry\\.preview\\default\\intermediates\\res\\default\\app_compiled\\13910086379318098133","type":"file","isSymbolicLink":false,"fileMetaData":{"size":184,"lastModifiedTime":1717270764177}},{"hashValue":"c52b7a65cb72e1670da7abe64503e1aa","name":"15153150740807400438","path":"F:\\DevEcoStudioProjects\\dairy\\entry\\.preview\\default\\intermediates\\res\\default\\app_compiled\\15153150740807400438","type":"file","isSymbolicLink":false,"fileMetaData":{"size":114,"lastModifiedTime":1717270764177}}]},{"hashValue":"5d82457eb86bff51366e969536a06ed4","name":"module_compiled","path":"F:\\DevEcoStudioProjects\\dairy\\entry\\.preview\\default\\intermediates\\res\\default\\module_compiled","type":"directory","isSymbolicLink":false,"children":[{"hashValue":"ee04b074505fbac84ef08c93cdd692f4","name":"10763671559009971693","path":"F:\\DevEcoStudioProjects\\dairy\\entry\\.preview\\default\\intermediates\\res\\default\\module_compiled\\10763671559009971693","type":"file","isSymbolicLink":false,"fileMetaData":{"size":190,"lastModifiedTime":1717270764214}},{"hashValue":"b9297f6af6ceaaccdb0a9e9dd1635cb2","name":"10926018183762157585","path":"F:\\DevEcoStudioProjects\\dairy\\entry\\.preview\\default\\intermediates\\res\\default\\module_compiled\\10926018183762157585","type":"file","isSymbolicLink":false,"fileMetaData":{"size":190,"lastModifiedTime":1717270764214}},{"hashValue":"8d077ed3b7733213a9e3b4286f2c81f9","name":"12370556189802904870","path":"F:\\DevEcoStudioProjects\\dairy\\entry\\.preview\\default\\intermediates\\res\\default\\module_compiled\\12370556189802904870","type":"file","isSymbolicLink":false,"fileMetaData":{"size":190,"lastModifiedTime":1717270764215}},{"hashValue":"e2a25abc5c4444a29d7259812133221f","name":"12951486442317497368","path":"F:\\DevEcoStudioProjects\\dairy\\entry\\.preview\\default\\intermediates\\res\\default\\module_compiled\\12951486442317497368","type":"file","isSymbolicLink":false,"fileMetaData":{"size":190,"lastModifiedTime":1717270764213}},{"hashValue":"47c5f1a5ad86a6e2b5d5a1ea4ca87a27","name":"13192920768572469426","path":"F:\\DevEcoStudioProjects\\dairy\\entry\\.preview\\default\\intermediates\\res\\default\\module_compiled\\13192920768572469426","type":"file","isSymbolicLink":false,"fileMetaData":{"size":401,"lastModifiedTime":1717270764212}},{"hashValue":"ac01d348e2af5dc6ab33efda07c7b2d0","name":"13280493376152943003","path":"F:\\DevEcoStudioProjects\\dairy\\entry\\.preview\\default\\intermediates\\res\\default\\module_compiled\\13280493376152943003","type":"file","isSymbolicLink":false,"fileMetaData":{"size":209,"lastModifiedTime":1717270764216}},{"hashValue":"5df782f347cd0379b81147dea7f207be","name":"18316164575600447892","path":"F:\\DevEcoStudioProjects\\dairy\\entry\\.preview\\default\\intermediates\\res\\default\\module_compiled\\18316164575600447892","type":"file","isSymbolicLink":false,"fileMetaData":{"size":184,"lastModifiedTime":1717270764215}},{"hashValue":"c0d5e3f6d828885827905c2515d69554","name":"2193863689827973648","path":"F:\\DevEcoStudioProjects\\dairy\\entry\\.preview\\default\\intermediates\\res\\default\\module_compiled\\2193863689827973648","type":"file","isSymbolicLink":false,"fileMetaData":{"size":190,"lastModifiedTime":1717270764214}},{"hashValue":"05f8e5a5ab53dde36684fad7ef080c2f","name":"310121286267998290","path":"F:\\DevEcoStudioProjects\\dairy\\entry\\.preview\\default\\intermediates\\res\\default\\module_compiled\\310121286267998290","type":"file","isSymbolicLink":false,"fileMetaData":{"size":190,"lastModifiedTime":1717270764213}},{"hashValue":"c1e54316916e5ebecd618d220d8e7ade","name":"5270717258757161771","path":"F:\\DevEcoStudioProjects\\dairy\\entry\\.preview\\default\\intermediates\\res\\default\\module_compiled\\5270717258757161771","type":"file","isSymbolicLink":false,"fileMetaData":{"size":190,"lastModifiedTime":1717270764212}},{"hashValue":"a8e8853895f562ca5c490c53d490e389","name":"7298278666662388857","path":"F:\\DevEcoStudioProjects\\dairy\\entry\\.preview\\default\\intermediates\\res\\default\\module_compiled\\7298278666662388857","type":"file","isSymbolicLink":false,"fileMetaData":{"size":190,"lastModifiedTime":1717270764213}},{"hashValue":"7cc94471e204c5bebb8d1acef42cfbf2","name":"7339108787612055295","path":"F:\\DevEcoStudioProjects\\dairy\\entry\\.preview\\default\\intermediates\\res\\default\\module_compiled\\7339108787612055295","type":"file","isSymbolicLink":false,"fileMetaData":{"size":187,"lastModifiedTime":1717270764215}},{"hashValue":"493c080f778aa114f6ee07ac2abf574d","name":"7500752247822927799","path":"F:\\DevEcoStudioProjects\\dairy\\entry\\.preview\\default\\intermediates\\res\\default\\module_compiled\\7500752247822927799","type":"file","isSymbolicLink":false,"fileMetaData":{"size":449,"lastModifiedTime":1717270764218}},{"hashValue":"72a089185161b65c7c891dc4d6dd95b1","name":"8125280442395708992","path":"F:\\DevEcoStudioProjects\\dairy\\entry\\.preview\\default\\intermediates\\res\\default\\module_compiled\\8125280442395708992","type":"file","isSymbolicLink":false,"fileMetaData":{"size":455,"lastModifiedTime":1717270764217}},{"hashValue":"f94dba4a19d4f13ed960bcc1d77a97aa","name":"9911775721811177878","path":"F:\\DevEcoStudioProjects\\dairy\\entry\\.preview\\default\\intermediates\\res\\default\\module_compiled\\9911775721811177878","type":"file","isSymbolicLink":false,"fileMetaData":{"size":136,"lastModifiedTime":1717270764211}}]},{"hashValue":"df60406a99f806938dad4ce6cd809c1c","name":"module.json","path":"F:\\DevEcoStudioProjects\\dairy\\entry\\.preview\\default\\intermediates\\res\\default\\module.json","type":"file","isSymbolicLink":false,"fileMetaData":{"size":2041,"lastModifiedTime":1717270764272}},{"hashValue":"ad1873758de3cf5d4eaae59aebd6645c","name":"resources","path":"F:\\DevEcoStudioProjects\\dairy\\entry\\.preview\\default\\intermediates\\res\\default\\resources","type":"directory","isSymbolicLink":false,"children":[{"hashValue":"3fe60a827aeca610ece44ad17a68e0fc","name":"base","path":"F:\\DevEcoStudioProjects\\dairy\\entry\\.preview\\default\\intermediates\\res\\default\\resources\\base","type":"directory","isSymbolicLink":false,"children":[{"hashValue":"6049e58a25743030e53592f6c74ad761","name":"profile","path":"F:\\DevEcoStudioProjects\\dairy\\entry\\.preview\\default\\intermediates\\res\\default\\resources\\base\\profile","type":"directory","isSymbolicLink":false,"children":[{"hashValue":"e8afdd3b8bc5455b27b0d41fa9438062","name":"main_pages.json","path":"F:\\DevEcoStudioProjects\\dairy\\entry\\.preview\\default\\intermediates\\res\\default\\resources\\base\\profile\\main_pages.json","type":"file","isSymbolicLink":false,"fileMetaData":{"size":50,"lastModifiedTime":1717270767822}}]}]}]},{"hashValue":"d3f2064911b602ef52fa00c0460734a2","name":"resources.index","path":"F:\\DevEcoStudioProjects\\dairy\\entry\\.preview\\default\\intermediates\\res\\default\\resources.index","type":"file","isSymbolicLink":false,"fileMetaData":{"size":2090,"lastModifiedTime":1717270764272}},{"hashValue":"aa271727cfd9e49d7f1f73495db8c7b8","name":"ResourceTable.txt","path":"F:\\DevEcoStudioProjects\\dairy\\entry\\.preview\\default\\intermediates\\res\\default\\ResourceTable.txt","type":"file","isSymbolicLink":false,"fileMetaData":{"size":463,"lastModifiedTime":1717270764273}}]},"F:\\DevEcoStudioProjects\\dairy\\entry\\.preview\\default\\generated\\r\\default\\ResourceTable.h":{"hashValue":"e3e70c047a5e3445eaa8cea4aca7224c","name":"ResourceTable.h","path":"F:\\DevEcoStudioProjects\\dairy\\entry\\.preview\\default\\generated\\r\\default\\ResourceTable.h","type":"file","isSymbolicLink":false,"fileMetaData":{"size":1458,"lastModifiedTime":1717270764273}},"F:\\DevEcoStudioProjects\\dairy\\entry\\.preview\\default\\generated\\r\\default":{"hashValue":"ec5b4447efe77f8bcd2ba6c9fcdef86e","name":"default","path":"F:\\DevEcoStudioProjects\\dairy\\entry\\.preview\\default\\generated\\r\\default","type":"directory","isSymbolicLink":false,"children":[{"hashValue":"e3e70c047a5e3445eaa8cea4aca7224c","name":"ResourceTable.h","path":"F:\\DevEcoStudioProjects\\dairy\\entry\\.preview\\default\\generated\\r\\default\\ResourceTable.h","type":"file","isSymbolicLink":false,"fileMetaData":{"size":1458,"lastModifiedTime":1717270764273}}]},"F:\\DevEcoStudioProjects\\dairy\\entry\\.preview\\config\\buildConfig.json":{"hashValue":"936927d54136aa3b0c5272c87e2bbbec","name":"buildConfig.json","path":"F:\\DevEcoStudioProjects\\dairy\\entry\\.preview\\config\\buildConfig.json","type":"file","isSymbolicLink":false,"fileMetaData":{"size":1717,"lastModifiedTime":1717270763643}},"F:\\DevEcoStudioProjects\\dairy\\entry\\.preview\\default\\intermediates\\res\\default\\module.json":{"hashValue":"df60406a99f806938dad4ce6cd809c1c","name":"module.json","path":"F:\\DevEcoStudioProjects\\dairy\\entry\\.preview\\default\\intermediates\\res\\default\\module.json","type":"file","isSymbolicLink":false,"fileMetaData":{"size":2041,"lastModifiedTime":1717270764272}},"F:\\DevEcoStudioProjects\\dairy\\entry\\.preview\\default\\intermediates\\res\\default\\resources\\base\\profile\\main_pages.json":{"hashValue":"e8afdd3b8bc5455b27b0d41fa9438062","name":"main_pages.json","path":"F:\\DevEcoStudioProjects\\dairy\\entry\\.preview\\default\\intermediates\\res\\default\\resources\\base\\profile\\main_pages.json","type":"file","isSymbolicLink":false,"fileMetaData":{"size":50,"lastModifiedTime":1717270767822}},"F:\\DevEcoStudioProjects\\dairy\\entry\\.preview\\default\\intermediates\\loader\\default":{"hashValue":"0d823c1ec16bae05cb3b12fa3558ce8f","name":"default","path":"F:\\DevEcoStudioProjects\\dairy\\entry\\.preview\\default\\intermediates\\loader\\default","type":"directory","isSymbolicLink":false,"children":[{"hashValue":"b723369a0d837735bcb2e026a503ba49","name":"loader.json","path":"F:\\DevEcoStudioProjects\\dairy\\entry\\.preview\\default\\intermediates\\loader\\default\\loader.json","type":"file","isSymbolicLink":false,"fileMetaData":{"size":342,"lastModifiedTime":1716888308286}}]},"F:\\DevEcoStudioProjects\\dairy\\entry\\.preview\\default\\intermediates\\res\\default\\ResourceTable.txt":{"hashValue":"aa271727cfd9e49d7f1f73495db8c7b8","name":"ResourceTable.txt","path":"F:\\DevEcoStudioProjects\\dairy\\entry\\.preview\\default\\intermediates\\res\\default\\ResourceTable.txt","type":"file","isSymbolicLink":false,"fileMetaData":{"size":463,"lastModifiedTime":1717270764273}},"F:\\DevEcoStudioProjects\\dairy\\entry\\.preview\\default\\intermediates\\res\\default\\resources\\base\\profile":{"hashValue":"6049e58a25743030e53592f6c74ad761","name":"profile","path":"F:\\DevEcoStudioProjects\\dairy\\entry\\.preview\\default\\intermediates\\res\\default\\resources\\base\\profile","type":"directory","isSymbolicLink":false,"children":[{"hashValue":"e8afdd3b8bc5455b27b0d41fa9438062","name":"main_pages.json","path":"F:\\DevEcoStudioProjects\\dairy\\entry\\.preview\\default\\intermediates\\res\\default\\resources\\base\\profile\\main_pages.json","type":"file","isSymbolicLink":false,"fileMetaData":{"size":50,"lastModifiedTime":1717270767822}}]},"F:\\DevEcoStudioProjects\\dairy\\entry\\src\\main\\ets":{"hashValue":"131e5051ef6dc489ef95a2e2f228b3af","name":"ets","path":"F:\\DevEcoStudioProjects\\dairy\\entry\\src\\main\\ets","type":"directory","isSymbolicLink":false,"children":[{"hashValue":"c0ee527c1d35bc756c0782a17dbcb2d5","name":"entryability","path":"F:\\DevEcoStudioProjects\\dairy\\entry\\src\\main\\ets\\entryability","type":"directory","isSymbolicLink":false,"children":[{"hashValue":"73bc9f341b56056dfe29f372c45f8f0a","name":"EntryAbility.ts","path":"F:\\DevEcoStudioProjects\\dairy\\entry\\src\\main\\ets\\entryability\\EntryAbility.ts","type":"file","isSymbolicLink":false,"fileMetaData":{"size":1417,"lastModifiedTime":1716886320357}}]},{"hashValue":"bc641527f2f6332bb3f39e2bb53c7bc8","name":"pages","path":"F:\\DevEcoStudioProjects\\dairy\\entry\\src\\main\\ets\\pages","type":"directory","isSymbolicLink":false,"children":[{"hashValue":"51c6cc9ae5624093363fb25ecebaa58a","name":"Edit.ets","path":"F:\\DevEcoStudioProjects\\dairy\\entry\\src\\main\\ets\\pages\\Edit.ets","type":"file","isSymbolicLink":false,"fileMetaData":{"size":1235,"lastModifiedTime":1716993558995}},{"hashValue":"e73906710b2cd05ef557415437a1aea3","name":"Index.ets","path":"F:\\DevEcoStudioProjects\\dairy\\entry\\src\\main\\ets\\pages\\Index.ets","type":"file","isSymbolicLink":false,"fileMetaData":{"size":1500,"lastModifiedTime":1717177517511}},{"hashValue":"7c2fce0ae5dbb2e1f47d3437ba6aa750","name":"Login.ets","path":"F:\\DevEcoStudioProjects\\dairy\\entry\\src\\main\\ets\\pages\\Login.ets","type":"file","isSymbolicLink":false,"fileMetaData":{"size":1120,"lastModifiedTime":1717178943771}}]}]},"{\"commandList\":[\"C:\\\\Users\\\\Lenovo\\\\AppData\\\\Local\\\\Huawei\\\\Sdk\\\\openharmony\\\\9\\\\toolchains\\\\restool.exe\",\"-m\",\"entry\",\"-f\",\"-j\",\"F:\\\\DevEcoStudioProjects\\\\dairy\\\\entry\\\\.preview\\\\default\\\\intermediates\\\\process_profile\\\\default\\\\module.json\",\"-p\",\"com.example.dairy\",\"-o\",\"F:\\\\DevEcoStudioProjects\\\\dairy\\\\entry\\\\.preview\\\\default\\\\intermediates\\\\res\\\\default\",\"-r\",\"F:\\\\DevEcoStudioProjects\\\\dairy\\\\entry\\\\.preview\\\\default\\\\generated\\\\r\\\\default\\\\ResourceTable.h\"],\"inputFiles\":{\"_group\":{}},\"outputFiles\":{\"_group\":{}},\"existsResourceDir\":true,\"restoolLinkParamObj\":{\"appScopeResources\":\"F:\\\\DevEcoStudioProjects\\\\dairy\\\\AppScope\\\\resources\",\"moduleResourcesMap\":{},\"harResourcesMap\":{},\"outputPath\":\"F:\\\\DevEcoStudioProjects\\\\dairy\\\\entry\\\\.preview\\\\default\\\\intermediates\\\\res\\\\default\",\"linkCommand\":[\"C:\\\\Users\\\\Lenovo\\\\AppData\\\\Local\\\\Huawei\\\\Sdk\\\\openharmony\\\\9\\\\toolchains\\\\restool.exe\",\"-m\",\"entry\",\"-f\",\"-j\",\"F:\\\\DevEcoStudioProjects\\\\dairy\\\\entry\\\\.preview\\\\default\\\\intermediates\\\\process_profile\\\\default\\\\module.json\",\"-p\",\"com.example.dairy\",\"-r\",\"F:\\\\DevEcoStudioProjects\\\\dairy\\\\entry\\\\.preview\\\\default\\\\generated\\\\r\\\\default\\\\ResourceTable.h\",\"-z\"]}}":{"hashValue":"","name":"emptyroot","path":"","type":"unknown","isSymbolicLink":false,"children":[]},"F:\\DevEcoStudioProjects\\dairy\\entry\\.preview\\default\\intermediates\\loader_out\\default\\ets":{"hashValue":"","name":"emptyroot","path":"","type":"unknown","isSymbolicLink":false,"children":[]}}