{"deviceType":"phone,tablet","checkEntry":"true","localPropertiesPath":"F:\\DevEcoStudioProjects\\dairy\\local.properties","Path":"C:\\Users\\Lenovo\\nodejs\\","note":"false","aceProfilePath":"F:\\DevEcoStudioProjects\\dairy\\entry\\.preview\\default\\intermediates\\res\\default\\resources\\base\\profile","isPreview":"true","hapMode":"false","buildMode":"debug","img2bin":"true","projectProfilePath":"F:\\DevEcoStudioProjects\\dairy\\build-profile.json5","watchMode":"true","appResource":"F:\\DevEcoStudioProjects\\dairy\\entry\\.preview\\default\\intermediates\\res\\default\\ResourceTable.txt","logLevel":"3","stageRouterConfig":{"contents":["{\"module\":{\"pages\":\"$profile:main_pages\",\"name\":\"entry\"}}","{\"src\":[\"pages/Index\",\"pages/Edit\",\"pages/Login\"]}"],"paths":["F:\\DevEcoStudioProjects\\dairy\\entry\\.preview\\default\\intermediates\\res\\default\\module.json","F:\\DevEcoStudioProjects\\dairy\\entry\\.preview\\default\\intermediates\\res\\default\\resources\\base\\profile\\main_pages.json"]},"port":"29905","aceBuildJson":"F:\\DevEcoStudioProjects\\dairy\\entry\\.preview\\default\\intermediates\\loader\\default\\loader.json","aceModuleRoot":"F:\\DevEcoStudioProjects\\dairy\\entry\\src\\main\\ets","aceSoPath":"F:\\DevEcoStudioProjects\\dairy\\entry\\.preview\\cache\\nativeDependencies.txt","cachePath":"F:\\DevEcoStudioProjects\\dairy\\entry\\.preview\\cache","aceModuleBuild":"F:\\DevEcoStudioProjects\\dairy\\entry\\.preview\\default\\intermediates\\assets\\default\\ets","aceSuperVisualPath":"F:\\DevEcoStudioProjects\\dairy\\entry\\src\\main\\supervisual","aceModuleJsonPath":"F:\\DevEcoStudioProjects\\dairy\\entry\\.preview\\default\\intermediates\\res\\default\\module.json"}